External ID,Price Difference Account/Database ID
__import__.pp_pc_73,52386
__import__.pp_pc_71,52386
__import__.pp_pc_72,52386
__export__.product_category_1_ca1a5e3b,52386
delivery.product_category_deliveries,52386
product.product_category_expenses,52386
__import__.pci_1,52386
__import__.pci_12,52386
__import__.pp_pc_58,52386
__export__.product_category_2872_e3b4cc1e,52386
__import__.pci_16,52386
__import__.pci_18,52386
__import__.new_pc_1,52386
__import__.pci_6,52386
__import__.pci_7,52386
__import__.pci_8,52386
__import__.pci_10,52386
__import__.pci_11,52386
__import__.pci_14,52386
__import__.pci_17,52386
__export__.product_category_3283_4f9ad5af,52386
__import__.pci_19,52386
__import__.pci_20,52386
__import__.pci_24,52386
__import__.pci_25,52386
__import__.pci_26,52386
__import__.pci_27,52386
__import__.pci_53,52386
__import__.pci_28,52386
__import__.pci_34,52386
__import__.pci_40,52386
__import__.pci_55,52386
__import__.pci_57,52386
__import__.pci_58,52386
__import__.pci_59,52386
__import__.pci_60,52386
__import__.pci_61,52386
__import__.pci_62,52386
__import__.pci_64,52386
__import__.pci_65,52386
__import__.pci_67,52386
__import__.pci_68,52386
__import__.pci_71,52386
__import__.pci_72,52386
__import__.pci_73,52386
__import__.pci_78,52386
__import__.pci_79,52386
__import__.pci_80,52386
__import__.pci_81,52386
__import__.pci_85,52386
__import__.pci_88,52386
__import__.pci_29,52386
__import__.pci_30,52386
__import__.pci_32,52386
__export__.product_category_3399_cb1fef6d,52386
__import__.pci_33,52386
__export__.product_category_3398_07a85175,52386
__import__.pci_37,52386
__import__.pci_38,52386
__import__.pp_pc_62,52386
__export__.product_category_367_42babad3,52386
__export__.product_category_366_50484782,52386
__import__.pci_49,52386
__import__.pci_52,52386
__export__.product_category_1896_e773602c,52386
__import__.pp_pc_22,52386
__import__.pp_pc_9,52386
__import__.pp_pc_40,52386
__import__.pp_pc_39,52386
__import__.pp_pc_38,52386
__import__.pp_pc_37,52386
__import__.pp_pc_41,52386
__import__.pp_pc_36,52386
__import__.pp_pc_46,52386
__import__.pp_pc_35,52386
__import__.pp_pc_43,52386
__import__.pp_pc_44,52386
__import__.pp_pc_42,52386
__import__.pp_pc_45,52386
__import__.pp_pc_47,52386
__export__.product_category_2871_2bb9e4b6,52386
__import__.pp_pc_50,52386
__import__.pp_pc_48,52386
__import__.pp_pc_49,52386
__import__.pp_pc_74,52386
__import__.pp_pc_99,52386
__import__.pp_pc_105,52386
__import__.pp_pc_89,52386
__import__.pp_pc_103,52386
__import__.pp_pc_90,52386
__import__.pp_pc_80,52386
__import__.pp_pc_94,52386
__import__.pp_pc_85,52386
__import__.pp_pc_93,52386
__import__.pp_pc_82,52386
__import__.pp_pc_88,52386
__import__.pp_pc_104,52386
__import__.pp_pc_100,52386
__import__.pp_pc_84,52386
__import__.pp_pc_79,52386
__import__.pp_pc_78,52386
__import__.pp_pc_96,52386
__import__.pp_pc_98,52386
__import__.pp_pc_97,52386
__import__.pp_pc_87,52386
__import__.pp_pc_81,52386
__import__.pp_pc_86,52386
__import__.pp_pc_95,52386
__import__.pp_pc_106,52386
__import__.pp_pc_92,52386
__import__.pp_pc_101,52386
__import__.pp_pc_91,52386
__import__.pp_pc_102,52386
__import__.pp_pc_83,52386
__import__.pp_pc_31,52386
__import__.pp_pc_19,52386
__import__.pp_pc_21,52386
__import__.pci_3,52386
__import__.pp_pc_28,52386
__import__.pp_pc_30,52386
__import__.pp_pc_6,52386
__import__.pp_pc_8,52386
__import__.pp_pc_20,52386
__import__.pp_pc_24,52386
__import__.pp_pc_7,52386
__import__.pp_pc_5,52386
__import__.pp_pc_15,52386
__import__.pp_pc_1,52386
__import__.pp_pc_29,52386
__import__.pci_39,52386
__import__.pp_pc_13,52386
__import__.pp_pc_2,52386
__import__.pp_pc_3,52386
__import__.pp_pc_4,52386
__import__.pp_pc_23,52386
__import__.pp_pc_16,52386
__import__.pp_pc_11,52386
__import__.pp_pc_26,52386
__import__.pp_pc_10,52386
__import__.pp_pc_25,52386
__import__.pp_pc_27,52386
__import__.pp_pc_12,52386
__import__.pp_pc_17,52386
__export__.product_category_365_34a765d9,52386
__import__.pp_pc_55,52386
__export__.product_category_363_5d205423,52386
__import__.pci_51,52386
__import__.pci_82,52386
__import__.new_pc_2,52386
__import__.pci_86,52386
__import__.pci_87,52386
__import__.new_pc_3,52386
__import__.pci_2,52386
__import__.pci_4,52386
__import__.pci_9,52386
__import__.pci_13,52386
__import__.pci_22,52386
__import__.pci_36,52386
__import__.pci_41,52386
__import__.pci_42,52386
__import__.pci_43,52386
__import__.pci_44,52386
__import__.pci_45,52386
__import__.pci_46,52386
__import__.pci_47,52386
__import__.pci_48,52386
__import__.pci_54,52386
__import__.pci_63,52386
__import__.pci_15,52386
__import__.pci_70,52386
__import__.pci_69,52386
__import__.pp_pc_33,52386
__import__.new_pc_4,52386
__import__.pci_50,52386
__import__.pci_76,52386
__import__.pci_77,52386
__import__.pci_84,52386
__export__.product_category_681_9a358c7e,52386
__import__.pp_pc_54,52386
__import__.pp_pc_63,52386
__import__.pp_pc_57,52386
__export__.product_category_3280_b9328203,52386
__export__.product_category_1897_2deea164,52386
__import__.pp_pc_61,52386
__import__.pp_pc_66,52386
__import__.pp_pc_53,52386
__import__.pp_pc_52,52386
__import__.pp_pc_65,52386
__export__.product_category_358_403d3381,52386
__import__.pci_21,52386
__export__.product_category_682_abd63030,52386
__import__.pp_pc_67,52386
__import__.pp_pc_77,52386
__import__.pci_35,52386
__export__.product_category_3279_2a33f97c,52386
__export__.product_category_3282_5c50c65d,52386
__export__.product_category_2878_b8304292,52386
__export__.product_category_2873_7b75f29c,52386
__import__.pci_83,52386
__import__.pp_pc_32,52386
__import__.pp_pc_75,52386
__import__.pp_pc_70,52386
__import__.pp_pc_56,52386
__import__.pp_pc_68,52386
__import__.pp_pc_60,52386
__export__.product_category_1908_47a0ade5,52386
__import__.pp_pc_18,52386
__import__.pci_75,52386
__import__.pp_pc_64,52386
