"Display Name","ID","External ID"
" ဆီပုံး ","3291","__export__.product_category_3291_13f3657c"
" မယ်လမင်း Group","1906","__export__.product_category_1906_2a260812"
" မယ်လမင်း Group / Gold မယ်လမင်း","3413","__export__.product_category_3413_84b0a738"
" မယ်လမင်း Group / Lion မယ်လမင်း","647","__import__.pp_pc_73"
" မယ်လမင်း Group / Mango မယ်လမင်း","645","__import__.pp_pc_71"
" မယ်လမင်း Group / Mango မယ်လမင်းအပါး","646","__import__.pp_pc_72"
" မယ်လမင်း Group / Marble မယ်လမင်း","3411","__export__.product_category_3411_dae24cc6"
" မယ်လမင်း Group / မယ်လမင်း(အမဲ)","3407","__export__.product_category_3407_0d02edff"
"001-Accessories","3619","__export__.product_category_3619_180f4647"
"001-Accessories/Aluminium Coil","3620","__export__.product_category_3620_2955c9c7"
"001-Accessories/Heater Coil","3621","__export__.product_category_3621_9a276b04"
"001-Filter","3622","__export__.product_category_3622_5b924345"
"001-Raw Recycle","3573","__export__.product_category_3573_9fd73ff9"
"001-Sticker/King","3616","__export__.product_category_3616_17a68cba"
"001-Sticker/SOGO","3617","__export__.product_category_3617_0abbe59d"
"001-Sticker/Yamaha","3618","__export__.product_category_3618_efcb78a9"
"Accessories for Machinery","3382","__export__.product_category_3382_52e2ccdc"
"Accessories for Machinery-Domino","3423","__export__.product_category_3423_84ffab75"
"Accessories for Machinery-Filter","3420","__export__.product_category_3420_af953f8c"
"Accessories for Machinery-Inject Printer","3424","__export__.product_category_3424_b9c29295"
"Accessory For Machinery(Hose)","3626","__export__.product_category_3626_a218c152"
"Adapter","3300","__export__.product_category_3300_b52701e9"
"All","1","__export__.product_category_1_ca1a5e3b"
"All / Deliveries","680","delivery.product_category_deliveries"
"All / Expenses","3","product.product_category_expenses"
"Ball Valve Accessory","3614","__export__.product_category_3614_cd7323c5"
"Ball Valve စွပ်","269","__import__.pci_1"
"Ball Valve ရစ်","3396","__export__.product_category_3396_3e900dcb"
"Bio Ball","3387","__export__.product_category_3387_40ce6479"
"Black Series (Polishing)","3593","__export__.product_category_3593_264057ec"
"COVID Face Shield","3288","__export__.product_category_3288_d2018909"
"COVID အမှိုက်ပုံး","3289","__export__.product_category_3289_b52ca8e4"
"Calendar Clip","3287","__export__.product_category_3287_f28fc382"
"Ceiling","280","__import__.pci_12"
"Clip","633","__import__.pp_pc_58"
"Comb","2872","__export__.product_category_2872_e3b4cc1e"
"Compound","3430","__export__.product_category_3430_a4e57b3d"
"Compound(Hose)","3630","__export__.product_category_3630_1620311e"
"Corner","284","__import__.pci_16"
"Cross Tee Ball Valve","3290","__export__.product_category_3290_c67410db"
"Damage Gold Lex Window Profile","3603","__export__.product_category_3603_0b740203"
"Damage Mango Window Profile","3602","__export__.product_category_3602_0585878c"
"Damage PVC E-Pipe","3600","__export__.product_category_3600_816da8ed"
"Damage SOGO Window Profile","3601","__export__.product_category_3601_7ed1665a"
"Damage Trunking","3432","__export__.product_category_3432_fe241044"
"Design Paper- Gold Series","3591","__export__.product_category_3591_e70a5155"
"Design Paper-Lion","3597","__export__.product_category_3597_7e926548"
"Design Paper-Melamine","3592","__export__.product_category_3592_fead2594"
"Design Paper-Urea","3595","__export__.product_category_3595_4f5df176"
"Door Lock","286","__import__.pci_18"
"Dye Powder","3632","__export__.product_category_3632_b8feb439"
"FG-Damage","3604","__export__.product_category_3604_fdd27f12"
"Factory Box","3322","__export__.product_category_3322_967f4585"
"Factory Diesel","3325","__export__.product_category_3325_ffa2bc24"
"Factory Label","3321","__export__.product_category_3321_526e05ba"
"Factory Labour","3320","__export__.product_category_3320_92de9749"
"Factory Metal","3323","__export__.product_category_3323_dbadcff3"
"Factory Meter","3324","__export__.product_category_3324_9c7e6e4c"
"Factory Other","3326","__export__.product_category_3326_a9641d09"
"Factory Plastic","3327","__export__.product_category_3327_818d4158"
"File Clip Frame","3589","__export__.product_category_3589_7fa0f19a"
"Finished Goods ","3379","__export__.product_category_3379_ea11ca34"
"Fitting Group.","373","__import__.new_pc_1"
"Fitting Group. / Brass Faucet Elbow","274","__import__.pci_6"
"Fitting Group. / Brass Faucet Socket","275","__import__.pci_7"
"Fitting Group. / Brass Faucet Tee","276","__import__.pci_8"
"Fitting Group. / Bushing","3390","__export__.product_category_3390_24194726"
"Fitting Group. / Cap","278","__import__.pci_10"
"Fitting Group. / Cap DL","279","__import__.pci_11"
"Fitting Group. / Clean Out Plug","282","__import__.pci_14"
"Fitting Group. / Cross TY DL","285","__import__.pci_17"
"Fitting Group. / Cross Tee","3283","__export__.product_category_3283_4f9ad5af"
"Fitting Group. / ELBOW","287","__import__.pci_19"
"Fitting Group. / Elbow (DL)","288","__import__.pci_20"
"Fitting Group. / Faucet Elbow","292","__import__.pci_24"
"Fitting Group. / Faucet Reducing Elbow","293","__import__.pci_25"
"Fitting Group. / Faucet Socket","294","__import__.pci_26"
"Fitting Group. / Faucet Tee","295","__import__.pci_27"
"Fitting Group. / Fitting Clip","321","__import__.pci_53"
"Fitting Group. / Fitting Socket","296","__import__.pci_28"
"Fitting Group. / Head","302","__import__.pci_34"
"Fitting Group. / Nipple","308","__import__.pci_40"
"Fitting Group. / Reducing Elbow","323","__import__.pci_55"
"Fitting Group. / Reducing Socket","325","__import__.pci_57"
"Fitting Group. / Reducing Socket(DL)","326","__import__.pci_58"
"Fitting Group. / Reducing TY DL","327","__import__.pci_59"
"Fitting Group. / Reducing Tee","328","__import__.pci_60"
"Fitting Group. / Reducing Tee (DL)","329","__import__.pci_61"
"Fitting Group. / Reducing Y DL","330","__import__.pci_62"
"Fitting Group. / Saddle","332","__import__.pci_64"
"Fitting Group. / Saddle (New)","333","__import__.pci_65"
"Fitting Group. / Socket DL","334","__import__.pci_66"
"Fitting Group. / Socket Push In","335","__import__.pci_67"
"Fitting Group. / Socket Union","336","__import__.pci_68"
"Fitting Group. / TY (DL)","339","__import__.pci_71"
"Fitting Group. / Tee","340","__import__.pci_72"
"Fitting Group. / Tee DL","341","__import__.pci_73"
"Fitting Group. / Valve Elbow","346","__import__.pci_78"
"Fitting Group. / Valve Plug","347","__import__.pci_79"
"Fitting Group. / Valve Socket","348","__import__.pci_80"
"Fitting Group. / Valve Socket Pushin","349","__import__.pci_81"
"Fitting Group. / Way Tee","353","__import__.pci_85"
"Fitting Group. / Y DL","356","__import__.pci_88"
"Flange","297","__import__.pci_29"
"Floor Drain","298","__import__.pci_30"
"Foot Valve","300","__import__.pci_32"
"Fuel","3381","__export__.product_category_3381_ae350eaf"
"G20 Pipe","3397","__export__.product_category_3397_11679b0f"
"GOLDTAX အိမ်သုတ်ဆေး","3399","__export__.product_category_3399_cb1fef6d"
"Gold Lex Window Profile","3395","__export__.product_category_3395_f57c809b"
"Gold Series (Polishing)","3598","__export__.product_category_3598_30c0fe99"
"Gold Tax Pipe","3391","__export__.product_category_3391_556adfc2"
"Goods","3639","product.product_category_goods"
"Gutter Fitting","301","__import__.pci_33"
"HD (Blow) ရေတိုင်ကီ","3389","__export__.product_category_3389_43d38a9f"
"Heater Coil for Mould","3418","__export__.product_category_3418_63901857"
"JADE အိမ်သုတ်ဆေး","3398","__export__.product_category_3398_07a85175"
"Junnet","305","__import__.pci_37"
"KGO Design","3434","__export__.product_category_3434_5212ee8b"
"Kaw Bu","306","__import__.pci_38"
"King သံစားပွဲ","637","__import__.pp_pc_62"
"Lion Ware (Polishing)","3596","__export__.product_category_3596_176929b6"
"MOANA ကြက်စာခွက်","3638","__export__.product_category_3638_fc0dd9bc"
"Main Box","3330","__export__.product_category_3330_0f8f8cdd"
"Main Label","3329","__export__.product_category_3329_955610ef"
"Main Other","3332","__export__.product_category_3332_c0213c6d"
"Main Plastic","3328","__export__.product_category_3328_0e741a16"
"Main String","3331","__export__.product_category_3331_42d6dd01"
"Mango Clip","3433","__export__.product_category_3433_a65cdc81"
"Mango Gutter","3393","__export__.product_category_3393_0ab4ede0"
"Mango Hose","367","__export__.product_category_367_42babad3"
"Mango Pipe","366","__export__.product_category_366_50484782"
"Mango Ware (Polishing)","3590","__export__.product_category_3590_8a613db8"
"Mango Window Profile","3405","__export__.product_category_3405_572ea9ac"
"Marble Series (Polishing)","3594","__export__.product_category_3594_68bfc509"
"Marble ရေတိုင်ကီ","3406","__export__.product_category_3406_22d07546"
"Oil","3422","__export__.product_category_3422_214ae66d"
"PVC Ball Valve Blue စွပ် ဆက်စပ်ပစ္စည်း","3623","__export__.product_category_3623_7649ecd1"
"PVC Ball Valve Green စွပ် ဆက်စပ်ပစ္စည်း","3624","__export__.product_category_3624_ee11affb"
"PVC Ball Valve Red စွပ် ဆက်စပ်ပစ္စည်း","3625","__export__.product_category_3625_0d18290d"
"PVC Door","317","__import__.pci_49"
"Packing","3380","__export__.product_category_3380_cb3af103"
"Packing for Window Profile","3426","__export__.product_category_3426_aa200459"
"Packing(Hose)","3627","__export__.product_category_3627_92f27a69"
"Packing-Plastic","3421","__export__.product_category_3421_b9f2d3d8"
"Packing-Sticker","3425","__export__.product_category_3425_6e00d62b"
"Pallet","3582","__export__.product_category_3582_2591cd4b"
"Panel Box","320","__import__.pci_52"
"Pipe (အရောင်ဖျော့)","3410","__export__.product_category_3410_cda444f5"
"Pipe(ပေတို)","3388","__export__.product_category_3388_bb325bf4"
"Popular Group","1896","__export__.product_category_1896_e773602c"
"Popular Group / BOX","599","__import__.pp_pc_22"
"Popular Group / Brush","587","__import__.pp_pc_9"
"Popular Group / King  အုပ်ဆောင်း","616","__import__.pp_pc_40"
"Popular Group / King ခုံ","615","__import__.pp_pc_39"
"Popular Group / King ချိတ်","614","__import__.pp_pc_38"
"Popular Group / King ခြင်း","613","__import__.pp_pc_37"
"Popular Group / King ဇကာ","617","__import__.pp_pc_41"
"Popular Group / King ဇလုံ","612","__import__.pp_pc_36"
"Popular Group / King ထွေးခံ","622","__import__.pp_pc_46"
"Popular Group / King ဖလား","611","__import__.pp_pc_35"
"Popular Group / King ဘူး","619","__import__.pp_pc_43"
"Popular Group / King ရေခွက်","620","__import__.pp_pc_44"
"Popular Group / King ရေပုံး","618","__import__.pp_pc_42"
"Popular Group / King ဦးထုပ်","621","__import__.pp_pc_45"
"Popular Group / MOANA  Brush","3583","__export__.product_category_3583_d9648aa2"
"Popular Group / MOANA  ‌‌‌ဂေါ်ပြား","3631","__export__.product_category_3631_de6f9f2f"
"Popular Group / MOANA Box","3412","__export__.product_category_3412_9895ff9d"
"Popular Group / MOANA ချိတ်","3633","__export__.product_category_3633_c49a93c3"
"Popular Group / MOANA ခြင်း","3634","__export__.product_category_3634_11a258fa"
"Popular Group / MOANA ဇကာ","3613","__export__.product_category_3613_dc3140a5"
"Popular Group / MOANA ဇလုံ","3635","__export__.product_category_3635_be0b055f"
"Popular Group / MOANA ထွေးခံ","3637","__export__.product_category_3637_88808c0e"
"Popular Group / MOANA ရေပုံး","3636","__export__.product_category_3636_aa70904c"
"Popular Group / Mango  Brush","623","__import__.pp_pc_47"
"Popular Group / Mango Box","2871","__export__.product_category_2871_2bb9e4b6"
"Popular Group / Mango ဇလုံ","626","__import__.pp_pc_50"
"Popular Group / Mango တံမျက်စည်း","624","__import__.pp_pc_48"
"Popular Group / Mango ဖလား","625","__import__.pp_pc_49"
"Popular Group / ORDER","648","__import__.pp_pc_74"
"Popular Group / Summit Box","672","__import__.pp_pc_99"
"Popular Group / Summit Foot Mass","678","__import__.pp_pc_105"
"Popular Group / Summit ကတော့","662","__import__.pp_pc_89"
"Popular Group / Summit ခုံ","676","__import__.pp_pc_103"
"Popular Group / Summit ချိတ်","663","__import__.pp_pc_90"
"Popular Group / Summit ခြင်း","653","__import__.pp_pc_80"
"Popular Group / Summit ခွက်","667","__import__.pp_pc_94"
"Popular Group / Summit ဂေါ် ပြား","658","__import__.pp_pc_85"
"Popular Group / Summit ဂျိုင့်","666","__import__.pp_pc_93"
"Popular Group / Summit စင်","655","__import__.pp_pc_82"
"Popular Group / Summit စဉ့်နီတုံး","661","__import__.pp_pc_88"
"Popular Group / Summit စားပွဲ","677","__import__.pp_pc_104"
"Popular Group / Summit ဆပ်ပြာခွက်","673","__import__.pp_pc_100"
"Popular Group / Summit ဆီးအိုး","657","__import__.pp_pc_84"
"Popular Group / Summit ဇကာ","652","__import__.pp_pc_79"
"Popular Group / Summit ဇလုံ","651","__import__.pp_pc_78"
"Popular Group / Summit ပန်းအိုး","669","__import__.pp_pc_96"
"Popular Group / Summit ပုဂံ","671","__import__.pp_pc_98"
"Popular Group / Summit ဖလား","670","__import__.pp_pc_97"
"Popular Group / Summit ဘူး","660","__import__.pp_pc_87"
"Popular Group / Summit မုန့်စင်","654","__import__.pp_pc_81"
"Popular Group / Summit မှန်","659","__import__.pp_pc_86"
"Popular Group / Summit ယပ်တောင်","668","__import__.pp_pc_95"
"Popular Group / Summit ရေခဲဘူး","679","__import__.pp_pc_106"
"Popular Group / Summit ရေတကောင်း","665","__import__.pp_pc_92"
"Popular Group / Summit ရေပုံး","674","__import__.pp_pc_101"
"Popular Group / Summit လင်ဗန်း","664","__import__.pp_pc_91"
"Popular Group / Summit အမှိုက်ပုံး","675","__import__.pp_pc_102"
"Popular Group / Summit အုပ်ဆောင်း","656","__import__.pp_pc_83"
"Popular Group / ခုံ","608","__import__.pp_pc_31"
"Popular Group / ချိတ်","596","__import__.pp_pc_19"
"Popular Group / ခြင်း","598","__import__.pp_pc_21"
"Popular Group / စက်ဘီးခြင်း","271","__import__.pci_3"
"Popular Group / စင်","605","__import__.pp_pc_28"
"Popular Group / စားပွဲ","607","__import__.pp_pc_30"
"Popular Group / ဆပ်ပြာခွက်","584","__import__.pp_pc_6"
"Popular Group / ဆီးအိုး","586","__import__.pp_pc_8"
"Popular Group / ဇကာ","597","__import__.pp_pc_20"
"Popular Group / ဇလုံ","601","__import__.pp_pc_24"
"Popular Group / ထွေးခံ","585","__import__.pp_pc_7"
"Popular Group / ပုဂံ","583","__import__.pp_pc_5"
"Popular Group / ဖလား","592","__import__.pp_pc_15"
"Popular Group / ဗီဒို","3401","__export__.product_category_3401_c5e2c6a6"
"Popular Group / ဘူး","579","__import__.pp_pc_1"
"Popular Group / မုန့်ကဒ်","606","__import__.pp_pc_29"
"Popular Group / မှန်","307","__import__.pci_39"
"Popular Group / ယပ်တောင်","591","__import__.pp_pc_13"
"Popular Group / ရေခဲဘူး","580","__import__.pp_pc_2"
"Popular Group / ရေခွက်","581","__import__.pp_pc_3"
"Popular Group / ရေတကောင်း","582","__import__.pp_pc_4"
"Popular Group / ရေပုံး","600","__import__.pp_pc_23"
"Popular Group / ရေမှုတ်","593","__import__.pp_pc_16"
"Popular Group / လင်ဗန်း","589","__import__.pp_pc_11"
"Popular Group / အမှိုက်ပုံး","603","__import__.pp_pc_26"
"Popular Group / အိမ်သာ Brush","588","__import__.pp_pc_10"
"Popular Group / အုပ်ဆောင်း","602","__import__.pp_pc_25"
"Popular Group / အံဆွဲ","604","__import__.pp_pc_27"
"Popular Group / ဦးထုပ်","590","__import__.pp_pc_12"
"Popular Group / ‌‌‌ဂေါ်ပြား","594","__import__.pp_pc_17"
"Popular Pipe (Cancel)","365","__export__.product_category_365_34a765d9"
"Production","3615","__export__.product_category_3615_22b6ebc3"
"Raw","3580","__export__.product_category_3580_90496ca9"
"Raw (Bajar Pipe)","3378","__export__.product_category_3378_58d91117"
"Raw (Recycle)","3377","__export__.product_category_3377_68f744bb"
"Raw Chemical","3427","__export__.product_category_3427_6a7f9da7"
"Raw Materials","3334","__export__.product_category_3334_30f3c768"
"Raw Materials(Hose)","3628","__export__.product_category_3628_2d308e32"
"Recycle","3429","__export__.product_category_3429_56bfe66b"
"Recycle (Kaw Seed)","3431","__export__.product_category_3431_1d95c000"
"Recycle(Hose)","3629","__export__.product_category_3629_b8167aa4"
"Reject","3599","__export__.product_category_3599_10008b78"
"Repro Tee ","630","__import__.pp_pc_55"
"SOGO Gutter","363","__export__.product_category_363_5d205423"
"SOGO Hose","319","__import__.pci_51"
"SOGO Pipe","350","__import__.pci_82"
"SOGO Window Profile","374","__import__.new_pc_2"
"SOGO Window Profile / Window","354","__import__.pci_86"
"SOGO Window Profile / Window Profile","355","__import__.pci_87"
"SOGO.","375","__import__.new_pc_3"
"SOGO. / Base Box","270","__import__.pci_2"
"SOGO. / Board","272","__import__.pci_4"
"SOGO. / Breaker Box","277","__import__.pci_9"
"SOGO. / Choke","281","__import__.pci_13"
"SOGO. / FX  Design","290","__import__.pci_22"
"SOGO. / Globe","3294","__export__.product_category_3294_987ca084"
"SOGO. / Joint Box","304","__import__.pci_36"
"SOGO. / PDI  Design","309","__import__.pci_41"
"SOGO. / PPI  Design","310","__import__.pci_42"
"SOGO. / PRU  Design","311","__import__.pci_43"
"SOGO. / PSG  Design","312","__import__.pci_44"
"SOGO. / PSI  Design","313","__import__.pci_45"
"SOGO. / PSK  Design","314","__import__.pci_46"
"SOGO. / PSO  Design","315","__import__.pci_47"
"SOGO. / PSR  Design","316","__import__.pci_48"
"SOGO. / Plug","322","__import__.pci_54"
"SOGO. / SG  Design","331","__import__.pci_63"
"SOGO. / Sogo Clip","283","__import__.pci_15"
"SOGO. / Switch/Socket","338","__import__.pci_70"
"Semi Finished Goods","3333","__export__.product_category_3333_ff0be4c8"
"Septic Tank","3587","__export__.product_category_3587_b0486ecd"
"Septic Tank - Accessories","3588","__export__.product_category_3588_a707314e"
"Services","3640","product.product_category_services"
"Smart Aircon","3284","__export__.product_category_3284_17585f71"
"Socket DL","3385","__export__.product_category_3385_94240163"
"Sprinkler","337","__import__.pci_69"
"Sticker","3586","__export__.product_category_3586_8d794744"
"Thinwall","610","__import__.pp_pc_33"
"Trunking","376","__import__.new_pc_4"
"Trunking / PVC E-Pipe","318","__import__.pci_50"
"Trunking / Trunking","344","__import__.pci_76"
"Union","345","__import__.pci_77"
"Waste","3383","__export__.product_category_3383_c86b62ee"
"Water Tap","352","__import__.pci_84"
"Window Accessory","3301","__export__.product_category_3301_e4451e8c"
"YS Design","3303","__export__.product_category_3303_bbca3519"
"Yoma Pipe (Cancel)","681","__export__.product_category_681_9a358c7e"
"ကားကတ်ဆက်","3286","__export__.product_category_3286_343a1c83"
"ကြက်စာခွက်","629","__import__.pp_pc_54"
"ကြိတ်သားသံစားပွဲ","638","__import__.pp_pc_63"
"ကြွေပြား","3285","__export__.product_category_3285_908d6f5b"
"ခြင်းလုံး","632","__import__.pp_pc_57"
"ဂဏန်းခြင်း","3280","__export__.product_category_3280_b9328203"
"ငှက်သိုက်ခွက်","3612","__export__.product_category_3612_39d7c589"
"စည်ပင်အမှိုက်ပုံး","1897","__export__.product_category_1897_2deea164"
"စတီးစားပွဲ","636","__import__.pp_pc_61"
"စာအုပ်စင်","641","__import__.pp_pc_66"
"ဆီပေပါ","3298","__export__.product_category_3298_c7174ae8"
"နို့ဆီပုံး","628","__import__.pp_pc_53"
"ပန်းအိုး","627","__import__.pp_pc_52"
"ပုဂံစင်","640","__import__.pp_pc_65"
"ဖော့ပြား","3392","__export__.product_category_3392_f14f0b11"
"ဖော့ဘူး","3292","__export__.product_category_3292_26ebdf8f"
"ဘိုထိုင်ကြွေအိုး","358","__export__.product_category_358_403d3381"
"မီးသတ်ဆေးဘူး","289","__import__.pci_21"
"မီးအားမြှင့်စက်","682","__export__.product_category_682_abd63030"
"မုန့်စင်","642","__import__.pp_pc_67"
"ရာဘာခံခွက်","650","__import__.pp_pc_77"
"ရေခဲပုံး","303","__import__.pci_35"
"ရေခဲမုန့်ဇွန်း","3279","__export__.product_category_3279_2a33f97c"
"ရေချိုးခန်းမှန်","3282","__export__.product_category_3282_5c50c65d"
"ရေတိုင်ကီ Group","2878","__export__.product_category_2878_b8304292"
"ရေတိုင်ကီ Group / Mango ရေတိုင်ကီ","2873","__export__.product_category_2873_7b75f29c"
"ရေတိုင်ကီ Group / ရေတိုင်ကီ","351","__import__.pci_83"
"ရေဖြန်းခေါင်း","3299","__export__.product_category_3299_fab6c343"
"ရေသန့်ဘူး","609","__import__.pp_pc_32"
"ရွှေဘူး","649","__import__.pp_pc_75"
"လမ်းဘလောက်တုံး","644","__import__.pp_pc_70"
"သော့ချိတ်","631","__import__.pp_pc_56"
"သံခုံ","643","__import__.pp_pc_68"
"သံစားပွဲ","635","__import__.pp_pc_60"
"သံစားပွဲ Group","1908","__export__.product_category_1908_47a0ade5"
"အိမ်သာခွက်","595","__import__.pp_pc_18"
"အိမ်သာပိုက်","343","__import__.pci_75"
"အ၀တ်လှန်းစင်","639","__import__.pp_pc_64"
